{ "height":24,
 "layers":[
        {
         "data":[9, 10, 11, 12, 9, 10, 11, 12, 9, 10, 11, 12, 9, 10, 11, 12, 9, 10, 11, 12, 9, 10, 11, 12, 17, 18, 19, 20, 17, 18, 19, 20, 17, 18, 19, 20, 17, 18, 19, 20, 17, 18, 19, 20, 17, 18, 19, 20, 25, 26, 27, 28, 25, 26, 27, 28, 25, 26, 27, 28, 25, 26, 27, 28, 25, 26, 27, 28, 25, 26, 27, 28, 33, 34, 35, 36, 33, 34, 35, 36, 33, 34, 35, 36, 33, 34, 35, 36, 33, 34, 35, 36, 33, 34, 35, 36, 9, 10, 11, 12, 9, 10, 11, 12, 9, 10, 11, 12, 9, 10, 11, 12, 9, 10, 11, 12, 9, 10, 11, 12, 17, 18, 19, 20, 17, 18, 19, 20, 17, 18, 19, 20, 17, 18, 19, 20, 17, 18, 19, 20, 17, 18, 19, 20, 0, 26, 27, 28, 25, 26, 27, 28, 25, 26, 27, 28, 25, 26, 27, 28, 25, 26, 27, 28, 25, 26, 27, 28, 0, 34, 35, 36, 33, 34, 35, 36, 33, 34, 35, 36, 33, 34, 35, 36, 33, 34, 35, 36, 33, 34, 35, 36, 0, 10, 11, 12, 9, 10, 11, 12, 9, 10, 11, 12, 9, 10, 11, 12, 9, 10, 11, 12, 9, 10, 11, 12, 0, 18, 19, 20, 17, 18, 19, 20, 17, 18, 19, 20, 17, 18, 19, 20, 17, 18, 19, 20, 17, 18, 19, 20, 0, 26, 27, 28, 25, 26, 27, 28, 25, 26, 27, 28, 25, 26, 27, 28, 25, 26, 27, 28, 25, 26, 0, 0, 0, 34, 35, 36, 33, 34, 35, 36, 33, 34, 35, 36, 33, 34, 35, 36, 33, 34, 35, 36, 33, 34, 0, 0, 0, 10, 11, 12, 9, 10, 11, 12, 9, 10, 11, 12, 9, 10, 11, 12, 9, 10, 11, 12, 9, 0, 0, 0, 0, 0, 0, 0, 0, 18, 19, 20, 17, 18, 19, 20, 17, 18, 19, 20, 17, 18, 19, 20, 17, 0, 0, 0, 0, 0, 0, 0, 0, 0, 27, 28, 25, 26, 27, 28, 25, 26, 27, 28, 25, 26, 27, 28, 25, 0, 0, 0, 0, 0, 0, 0, 0, 0, 0, 0, 33, 34, 35, 36, 33, 34, 35, 36, 33, 34, 35, 36, 33, 0, 0, 0, 0, 0, 0, 0, 0, 0, 0, 0, 0, 0, 0, 12, 9, 10, 11, 0, 0, 0, 0, 0, 0, 0, 0, 0, 0, 0, 0, 0, 0, 0, 0, 0, 0, 0, 0, 0, 0, 0, 19, 0, 0, 0, 0, 0, 0, 0, 0, 0, 0, 0, 0, 0, 0, 0, 0, 0, 0, 0, 0, 0, 0, 0, 0, 0, 0, 0, 0, 0, 0, 0, 0, 0, 0, 0, 0, 0, 0, 0, 0, 0, 0, 0, 0, 0, 0, 0, 0, 0, 0, 0, 0, 0, 0, 0, 0, 0, 0, 0, 0, 0, 0, 0, 0, 0, 0, 0, 0, 0, 0, 0, 0, 0, 0, 0, 0, 0, 0, 0, 0, 0, 0, 0, 0, 0, 0, 0, 0, 0, 0, 0, 0, 0, 0, 0, 0, 0, 0, 0, 0, 0, 0, 0, 0, 0, 0, 0, 0, 0, 0, 0, 0, 0, 0, 0, 0, 0, 0, 0, 0, 0, 0, 0, 0, 0, 0, 0, 0, 0, 0, 0, 0, 0, 0, 0, 0, 0, 0, 0, 0, 0, 0, 0, 0, 0, 0, 0, 0, 0, 0, 0, 0, 0],
         "height":24,
         "name":"1b",
         "opacity":1,
         "type":"tilelayer",
         "visible":true,
         "width":24,
         "x":0,
         "y":0
        }, 
        {
         "data":[13, 37, 38, 39, 40, 0, 0, 0, 0, 0, 0, 0, 0, 0, 0, 0, 0, 0, 0, 37, 38, 39, 40, 13, 13, 0, 0, 0, 0, 0, 0, 0, 0, 0, 0, 0, 0, 0, 0, 0, 0, 0, 0, 0, 0, 0, 13, 13, 13, 0, 0, 0, 0, 0, 0, 0, 0, 0, 0, 0, 0, 0, 0, 0, 0, 0, 0, 0, 0, 0, 13, 13, 13, 0, 0, 0, 0, 0, 0, 0, 0, 5, 0, 0, 0, 0, 0, 0, 0, 0, 6, 0, 0, 0, 13, 13, 13, 0, 0, 0, 0, 0, 0, 0, 37, 38, 39, 40, 0, 0, 0, 0, 0, 0, 37, 38, 39, 40, 13, 13, 13, 0, 0, 0, 0, 0, 0, 0, 0, 0, 0, 0, 0, 0, 0, 0, 0, 0, 0, 0, 0, 0, 0, 13, 0, 13, 0, 0, 0, 0, 0, 0, 0, 0, 0, 0, 0, 0, 0, 0, 0, 0, 0, 0, 0, 0, 0, 13, 0, 13, 0, 5, 0, 0, 0, 0, 0, 0, 0, 0, 0, 0, 0, 0, 0, 0, 0, 0, 0, 0, 0, 13, 0, 13, 37, 38, 39, 40, 0, 0, 0, 0, 0, 0, 0, 0, 0, 0, 0, 0, 0, 5, 0, 0, 6, 13, 0, 13, 0, 0, 0, 0, 0, 0, 0, 0, 0, 0, 0, 0, 0, 0, 0, 0, 37, 38, 39, 40, 13, 13, 0, 13, 0, 0, 0, 0, 0, 0, 0, 0, 0, 0, 0, 0, 0, 0, 0, 0, 0, 0, 0, 13, 13, 0, 0, 13, 0, 6, 0, 0, 0, 0, 0, 0, 0, 0, 0, 0, 0, 0, 0, 0, 0, 0, 0, 13, 0, 0, 0, 13, 13, 13, 13, 0, 0, 0, 0, 0, 0, 0, 0, 0, 0, 0, 0, 37, 38, 39, 40, 13, 0, 0, 0, 0, 0, 0, 0, 13, 0, 0, 0, 0, 0, 0, 0, 0, 0, 0, 0, 0, 0, 0, 13, 0, 0, 0, 0, 0, 0, 0, 0, 0, 13, 0, 4, 0, 0, 0, 0, 0, 0, 0, 0, 0, 0, 0, 13, 0, 0, 0, 0, 0, 0, 0, 0, 0, 0, 13, 13, 13, 13, 0, 0, 0, 0, 0, 2, 2, 2, 2, 13, 0, 0, 0, 0, 0, 0, 0, 0, 0, 0, 0, 0, 0, 0, 13, 13, 13, 0, 13, 13, 13, 13, 13, 13, 0, 0, 0, 0, 0, 0, 0, 0, 0, 0, 0, 0, 0, 0, 0, 0, 0, 13, 13, 0, 0, 0, 0, 0, 0, 0, 0, 0, 0, 0, 0, 0, 0, 0, 0, 0, 0, 0, 0, 0, 0, 0, 0, 0, 0, 0, 0, 0, 0, 0, 0, 0, 0, 0, 0, 0, 0, 0, 0, 0, 0, 0, 0, 0, 0, 0, 0, 0, 0, 0, 0, 0, 0, 0, 0, 0, 0, 0, 0, 0, 0, 0, 0, 0, 0, 0, 0, 0, 0, 0, 0, 0, 0, 0, 0, 0, 0, 0, 0, 0, 0, 0, 0, 0, 0, 0, 0, 0, 0, 0, 0, 0, 0, 0, 0, 0, 0, 0, 0, 0, 0, 0, 0, 0, 0, 0, 0, 0, 0, 0, 0, 0, 0, 0, 0, 0, 0, 0, 0, 0, 0, 0, 0, 0, 0, 0, 0, 0, 0, 0, 0, 0, 0, 0, 0, 0, 0, 0, 0, 0, 0, 0, 0, 0, 0, 0, 0, 0, 0, 0, 0],
         "height":24,
         "name":"1",
         "opacity":1,
         "type":"tilelayer",
         "visible":true,
         "width":24,
         "x":0,
         "y":0
        }],
 "nextobjectid":1,
 "orientation":"orthogonal",
 "renderorder":"right-down",
 "tileheight":16,
 "tilesets":[
        {
         "columns":8,
         "firstgid":1,
         "image":"..\/sprites\/tileset-1.png",
         "imageheight":400,
         "imagewidth":128,
         "margin":0,
         "name":"blue",
         "spacing":0,
         "tilecount":200,
         "tileheight":16,
         "tilewidth":16
        }],
 "tilewidth":16,
 "version":1,
 "width":24
}